schema	date_utc	julia_version	host	arch	nthreads	commit	dirty	benchmark	samples	median_ns	mean_ns	min_ns	allocs	bytes	bench_note
0.2.0	2026-10-03 T01:42:28Z	1.12.6	cachyos-x8664	x86_64	1	97772b2	true	llama_micro_gesso_cuda_first_token	1	33871835	33871835	33871835	0	0	§LXXXIII gates G3 (Phase 10B item C), FIRST-TOKEN clock: llama_micro CUDA Session.generate 3 greedy steps on a fresh Session, one-shot compile INSIDE the number; fast paths :attn_gemm (device GEMM over gathered scratch) + :argmax (one Int D2H per token); ids == CPU Session (asserted before this row); FIXTURE measurement, not the board factor
0.2.0	2026-10-03 T01:42:28Z	1.12.6	cachyos-x8664	x86_64	1	97772b2	true	smollm2_eager_pytorch_first_token	1	5917911058	5917911058	5917911058	0	0	§LXXXIII gate G2, FIRST-TOKEN clock: eager PyTorch single-shot generate, kernel compile INSIDE the number (LlamaForCausalLM.generate, do_sample=False, batch 1, NO torch.compile); one wall-clock run measured by benchmark/compare_eager.py; allocs/bytes not applicable across the process boundary
0.2.0	2026-10-03 T01:42:28Z	1.12.6	cachyos-x8664	x86_64	1	97772b2	true	smollm2_eager_pytorch_warmed	5	347842463	347842463	347842463	0	0	§LXXXIII gate G2, WARMED clock: eager PyTorch generate, median of the script's in-process samples AFTER its own untimed warmup (§XXXIII); measured by benchmark/compare_eager.py, recorded here verbatim; compute dtype bfloat16 (from_pretrained defaults) vs Gesso F32 — both stamps travel with the numbers, no cross-dtype claim
0.2.0	2026-10-03 T01:42:28Z	1.12.6	cachyos-x8664	x86_64	1	97772b2	true	smollm2_gesso_cuda_first_token	1	1017210717	1017210717	1017210717	0	0	§LXXXIII gate G2, FIRST-TOKEN clock: SmolLM2-135M CUDA Session generate on a fresh Session (greedy, batch 1), one-shot compile INSIDE the number; ids == CPU oracle (asserted before this row was recorded); compute dtype F32
0.2.0	2026-10-03 T01:42:28Z	1.12.6	cachyos-x8664	x86_64	1	97772b2	true	backend_tag_construction	10000	1.412	1.5463937	1.407	0	0	§XX: tag construction must stay free
0.2.0	2026-10-03 T01:42:28Z	1.12.6	cachyos-x8664	x86_64	1	97772b2	true	capability_probe	10000	7.053	7.5643270000000005	6.149	0	0	§XX: capability probing is always safe, never throws
0.2.0	2026-10-03 T01:42:28Z	1.12.6	cachyos-x8664	x86_64	1	97772b2	true	llama_micro_gesso_cuda_warmed	872	5.713656e6	5.738565983944954e6	5.108415e6	5841	307536	§LXXXIII gates G3 (Phase 10B item C), WARMED clock: llama_micro CUDA Session.generate 3 greedy steps post-warmup; fast paths :attn_gemm + :argmax; ids == CPU Session (asserted before any row); FIXTURE measurement, not the board factor
0.2.0	2026-10-03 T01:42:28Z	1.12.6	cachyos-x8664	x86_64	1	97772b2	true	llama_micro_session_generate_cpu	6650	703561.0	750691.8412030075	580698.0	8073	202152	§LXXVIII item D: CPU Session generate over the paged KV manager (page_size=4), tokens [0,1,2] + 3 greedy steps
0.2.0	2026-10-03 T01:42:28Z	1.12.6	cachyos-x8664	x86_64	1	97772b2	true	lowering_not_implemented_throw	10000	1.412	1.5380436999999998	1.407	0	0	§LXX: explicit failure must be affordable
0.2.0	2026-10-03 T01:42:28Z	1.12.6	cachyos-x8664	x86_64	1	97772b2	true	micro_llama_cuda_prefill_012	523	9.538782e6	9.56051086042065e6	8.455149e6	11132	613584	§LXXVII item D: CUDA F32 prefill + host readback, tokens [0,1,2], llama_micro shape
0.2.0	2026-10-03 T01:42:28Z	1.12.6	cachyos-x8664	x86_64	1	97772b2	true	micro_llama_cuda_prefill_012_autotuned	534	9.38006e6	9.376117732209738e6	8.447965e6	11132	613584	§LXXXII item C: post-warmup — CUDA F32 prefill through the Autotune-consulted matmul!; autotune winner for :llama_micro = :cublas_mul (selection receipt, no speed claim)
0.2.0	2026-10-03 T01:42:28Z	1.12.6	cachyos-x8664	x86_64	1	97772b2	true	micro_llama_lava_prefill_012	352	1.40333345e7	1.42083945625e7	1.184636e7	24896	1660432	§LXXXI item C: Vulkan F32 prefill + host readback, tokens [0,1,2], llama_micro shape — portable seam, no speed claim vs CUDA (tune is Phase 9)
0.2.0	2026-10-03 T01:42:28Z	1.12.6	cachyos-x8664	x86_64	1	97772b2	true	receipt_emit_inmemory	10000	491.47777777777776	641.5765327777779	231.9777777777778	7	848	§XLII: audited actions pay for receipts; keep it negligible
0.2.0	2026-10-03 T01:42:28Z	1.12.6	cachyos-x8664	x86_64	1	97772b2	true	session_generate_3tok_cuda	879	5.693151e6	5.693116587030717e6	4.925231e6	5840	307472	§LXXIX item C: post-warmup — CUDA Session generate, 3 greedy steps over device pages
0.2.0	2026-10-03 T01:42:28Z	1.12.6	cachyos-x8664	x86_64	1	97772b2	true	session_generate_8tok_cpu	6296	708484.5	792673.706639136	598158.0	8073	202152	§LXXIX item C: post-warmup — CPU Session generate, 8 greedy steps over the paged KV manager
0.2.0	2026-10-03 T01:42:28Z	1.12.6	cachyos-x8664	x86_64	1	97772b2	true	session_ttft_1tok_cpu	6687	698045.0	746272.0170480036	590078.0	8054	201400	§LXXIX item C: post-warmup — CPU Session prefill + 1 greedy step (time-to-first-token)
0.2.0	2026-10-03 T01:42:28Z	1.12.6	cachyos-x8664	x86_64	1	97772b2	true	smollm2_gesso_cuda_warmed	21	2.39630452e8	2.4291852123809522e8	2.34324098e8	248594	12938200	§LXXXIII gate G2, WARMED clock: SmolLM2-135M CUDA Session generate post-warmup (greedy, batch 1); ids == CPU oracle (asserted before any row exists); compute dtype F32; eager warmed compute dtype bfloat16 — same checkpoint, prompt "Hello", max_new_tokens 8 on both sides
0.2.0	2026-10-03 T01:42:28Z	1.12.6	cachyos-x8664	x86_64	1	97772b2	true	structured_log_event	10000	1495.4027777777778	1600.3940805555555	1132.25	31	1264	§XLII: logging must never be the reason to skip logging
0.2.0	2026-10-03 T01:42:28Z	1.12.6	cachyos-x8664	x86_64	1	97772b2	true	kv_bytes_two_isolated_prefill_cpu	1	0	0	0	0	4096	§LXXX item C: post-warmup BYTE row (not timing) — unique_kv_bytes over two INDEPENDENT llama_micro prefill sessions = 2× one session's kv_bytes (declaration, not discovery: no fork, no sharing)
0.2.0	2026-10-03 T01:42:28Z	1.12.6	cachyos-x8664	x86_64	1	97772b2	true	kv_bytes_prefill_fork_cpu	1	0	0	0	0	2048	§LXXX item C: post-warmup BYTE row (not timing) — unique_kv_bytes(parent, child) after prefill!+fork, pre-decode: the declared alias costs ONE session's kv_bytes; saving vs the isolated-pair row is the difference of the two rows
0.2.0	2026-10-03 T01:42:28Z	1.12.6	cachyos-x8664	x86_64	1	97772b2	true	smollm2_g2_factor_eager_over_gesso	1	0	0	0	0	0	§LXXXIII gate G2 FACTOR (declaration, not a timing): eager_warmed_seconds / gesso_warmed_median_seconds = 1.452 × from THIS run's rows (smollm2_eager_pytorch_warmed = 0.347842 s, smollm2_gesso_cuda_warmed = 0.23963 s); gesso dtype F32, eager dtype bfloat16 — both stamps travel with the numbers, no cross-dtype claim; greedy, batch 1, NO torch.compile, NO vLLM (later additional rows)
